{"token": "ya29.a0ARrdaM9GIATr3hSotO-VJy6KbfimVlQsjh6WtTgV83BPKNjgqXTkYHYSVfBlUM1K2q3jvxHOqRHQiQCgDqbjFGy6BgZcOyJX2eZcGDr0P_5Hp38jmhdgzqyskUfTi_33XTgkxiWWucK4aP5pjvYgKKs_W7cg", "refresh_token": "1//0cCIKkzGuinnmCgYIARAAGAwSNwF-L9IrD5JnGsQaVcog_1g7YfuqsKrNHN8J9jqn306ApYCJ-n7zxUj-LOe41Y5nPDr7m-kivSQ", "token_uri": "https://oauth2.googleapis.com/token", "client_id": "1094544624176-6m6rp2cpv7bf2igdfhp75vk7qp7lq7v7.apps.googleusercontent.com", "client_secret": "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", "scopes": ["https://www.googleapis.com/auth/drive", "https://www.googleapis.com/auth/cloud-platform", "https://www.googleapis.com/auth/iam"], "expiry": "2021-12-24T11:10:44.936535Z"}